firstName,lastName,email,password,birthdate

Genaro,Weissnat,genaro.weissnat@yahoo.com,8Bdji8b08,06/08/1966
Morris,Crist,morris.crist@yahoo.com,!#0yfjXZW,12/09/1987
Irving,Spinka,irving.spinka@gmail.com,8Rd*V!@0W,09/18/1968
Freddy,Thompson,freddy.thompson@gmail.com,I0so2gKE7,12/31/1965
Shu,Schmidt,shu.schmidt@gmail.com,%D^!*4^Rt,08/09/1988
Carey,Hills,carey.hills@yahoo.com,Kf*ymY0mO,01/08/1964
Jina,Shields,jina.shields@yahoo.com,!t@0&RcGM,06/07/1973
Un,Oberbrunner,un.oberbrunner@gmail.com,9*8H@Y@8L,12/22/1972
Solomon,Ferry,solomon.ferry@yahoo.com,8*V6C%5JS,10/19/1989
Talitha,Schroeder,talitha.schroeder@hotmail.com,W*0P^7#zd,09/14/1995
Jessie,Raynor,jessie.raynor@hotmail.com,wKl#YnBR^,08/23/1979
Nancie,Keeling,nancie.keeling@yahoo.com,xKF#Em6^&,06/23/1989
Josette,Dare,josette.dare@gmail.com,i811*o4QC,09/25/2005
Tanja,Wiegand,tanja.wiegand@hotmail.com,&&*rsGh^Q,06/05/1998
Isreal,Bahringer,newisreal.bahringer@yahoo.com,DvI%Q#$Xc,04/23/1961
Marquetta,Macejkovic,newmarquetta.macejkovic@yahoo.com,kwKnB3BUK,01/29/1997
Chris,Franecki,newchris.franecki@yahoo.com,mJJi%A*Sz,04/19/1998
Lonny,Yost,newlonny.yost@yahoo.com,z7!X%zR#j,05/15/1986
Edgar,Thiel,newedgar.thiel@hotmail.com,e5%JgA5S8,07/12/1988
Rogelio,Larson,newrogelio.larson@gmail.com,igO@@$5V&,01/05/1985
Elfreda,Smitham,newelfreda.smitham@yahoo.com,Y&67C&L$@,03/01/1991
Kurt,McGlynn,newkurt.mcglynn@gmail.com,^e@Q%@UxU,02/04/1973
Delmer,Schuster,newdelmer.schuster@hotmail.com,G#7UO7Dbw,01/14/1967
Ahmed,Hauck,newahmed.hauck@hotmail.com,izqxy#32c,05/11/1982
Charlie,O'Conner,newcharlie.o'conner@hotmail.com,@^g*Z7E!@,03/22/1978
Abdul,Feil,newabdul.feil@hotmail.com,486S#oD%@,10/11/1968
Kimbery,Larkin,newkimbery.larkin@yahoo.com,&&Grvov1p,07/26/1983
Bennie,Runolfsson,newbennie.runolfsson@gmail.com,z!20I%Th#,10/04/1966
Isobel,Rice,newisobel.rice@yahoo.com,R$rFJJ$Iy,05/14/1977
Crystal,Veum,newcrystal.veum@gmail.com,m1HyU#$!V,12/23/1993
Cary,Weissnat,newcary.weissnat@gmail.com,r21*&!hD6,10/07/2000
Xochitl,Kris,newxochitl.kris@yahoo.com,fEtd@w%Nq,08/19/1959
Nell,Swift,newnell.swift@yahoo.com,!N5Q!0!!z,10/31/2003
Jude,Ernser,newjude.ernser@yahoo.com,w^^37h^P&,04/19/1985
Harold,Konopelski,newharold.konopelski@yahoo.com,#^!aZ@s@3,01/25/1978
Orlando,Herman,neworlando.herman@yahoo.com,NM%bk4LLs,01/21/1960
Andy,Crooks,newandy.crooks@gmail.com,*&PUSAw!k,12/07/1982
Keven,Mohr,newkeven.mohr@yahoo.com,cvW@QF3y7,01/13/1987
Lucretia,Swift,newlucretia.swift@gmail.com,^c8&@7s31,05/27/1991
Harley,Mitchell,newharley.mitchell@gmail.com,7xlHU@ae!,04/16/1999
Roy,Fisher,newroy.fisher@hotmail.com1979,@7J88n#FW,08/24/1985
Arleen,Carroll,arleen.carroll@hotmail.com.1959,0roRdcNs&,08/10/1987
Bobbie,Jones,bobbie.jones@yahoo.com,sf%TTYGtR,07/12/1981
Jesica,Fahey,jesica.fahey@gmail.com,jlr%Vpb&#,06/12/1968
Laverne,Senger,laverne.senger@gmail.com,MW7Eu@^0v,08/31/1975
Lakeisha,Watsica,lakeisha.watsica@gmail.com,**i95^&Zf,05/17/1968
Tanner,Schamberger,tanner.schamberger@yahoo.com,*Wt@m^*d@,03/28/1964
Lahoma,Dietrich,lahoma.dietrich@gmail.com,Wr3o56L6*,03/16/1964
Stacey,Cassin,stacey.cassin@gmail.com,R4howVUqD,07/03/1988
Elmo,Berge,elmo.berge@gmail.com,er7ccDwi0,11/23/1989
